Filename,Label
mov1.xlsx,1
mov10.xlsx,1
mov100.xlsx,1
mov101.xlsx,1
mov102.xlsx,1
mov103.xlsx,1
mov104.xlsx,1
mov105.xlsx,1
mov106.xlsx,1
mov107.xlsx,1
mov108.xlsx,1
mov109.xlsx,1
mov11.xlsx,1
mov110.xlsx,1
mov111.xlsx,1
mov112.xlsx,1
mov113.xlsx,1
mov114.xlsx,1
mov115.xlsx,1
mov116.xlsx,1
mov117.xlsx,1
mov12.xlsx,1
mov13.xlsx,1
mov14.xlsx,1
mov15.xlsx,1
mov16.xlsx,1
mov17.xlsx,1
mov18.xlsx,1
mov19.xlsx,1
mov2.xlsx,1
mov20.xlsx,1
mov21.xlsx,1
mov22.xlsx,1
mov23.xlsx,1
mov24.xlsx,1
mov25.xlsx,1
mov26.xlsx,1
mov27.xlsx,1
mov28.xlsx,1
mov29.xlsx,1
mov3.xlsx,1
mov30.xlsx,1
mov31.xlsx,1
mov32.xlsx,1
mov33.xlsx,1
mov34.xlsx,1
mov35.xlsx,1
mov36.xlsx,1
mov37.xlsx,1
mov38.xlsx,1
mov39.xlsx,1
mov4.xlsx,1
mov40.xlsx,1
mov41.xlsx,1
mov42.xlsx,1
mov43.xlsx,1
mov44.xlsx,1
mov45.xlsx,1
mov46.xlsx,1
mov47.xlsx,1
mov48.xlsx,1
mov49.xlsx,1
mov5.xlsx,1
mov50.xlsx,1
mov51.xlsx,1
mov52.xlsx,1
mov53.xlsx,1
mov54.xlsx,1
mov55.xlsx,1
mov56.xlsx,1
mov57.xlsx,1
mov58.xlsx,1
mov59.xlsx,1
mov6.xlsx,1
mov60.xlsx,1
mov61.xlsx,1
mov62.xlsx,1
mov63.xlsx,1
mov64.xlsx,1
mov65.xlsx,1
mov66.xlsx,1
mov67.xlsx,1
mov68.xlsx,1
mov69.xlsx,1
mov7.xlsx,1
mov70.xlsx,1
mov71.xlsx,1
mov72.xlsx,1
mov73.xlsx,1
mov74.xlsx,1
mov75.xlsx,1
mov76.xlsx,1
mov77.xlsx,1
mov78.xlsx,1
mov79.xlsx,1
mov8.xlsx,1
mov80.xlsx,1
mov81.xlsx,1
mov82.xlsx,1
mov83.xlsx,1
mov84.xlsx,1
mov85.xlsx,1
mov86.xlsx,1
mov87.xlsx,1
mov88.xlsx,1
mov89.xlsx,1
mov9.xlsx,1
mov90.xlsx,1
mov91.xlsx,1
mov92.xlsx,1
mov93.xlsx,1
mov94.xlsx,1
mov95.xlsx,1
mov96.xlsx,1
mov97.xlsx,1
mov98.xlsx,1
mov99.xlsx,1
mov118.xlsx,2
mov119.xlsx,2
mov120.xlsx,2
mov121.xlsx,2
mov122.xlsx,2
mov123.xlsx,2
mov124.xlsx,2
mov125.xlsx,2
mov126.xlsx,2
mov127.xlsx,2
mov128.xlsx,2
mov129.xlsx,2
mov130.xlsx,2
mov131.xlsx,2
mov132.xlsx,2
mov133.xlsx,2
mov134.xlsx,2
mov135.xlsx,2
mov136.xlsx,2
mov137.xlsx,2
mov138.xlsx,2
mov139.xlsx,2
mov140.xlsx,2
mov141.xlsx,2
mov142.xlsx,2
mov143.xlsx,2
mov144.xlsx,2
mov145.xlsx,2
mov146.xlsx,2
mov147.xlsx,2
mov148.xlsx,2
mov149.xlsx,2
mov150.xlsx,2
mov151.xlsx,2
mov152.xlsx,2
mov153.xlsx,2
mov154.xlsx,2
mov155.xlsx,2
mov156.xlsx,2
mov157.xlsx,2
mov158.xlsx,2
mov159.xlsx,2
mov160.xlsx,2
mov161.xlsx,2
mov162.xlsx,2
mov163.xlsx,2
mov164.xlsx,2
mov165.xlsx,2
mov166.xlsx,2
mov167.xlsx,2
mov168.xlsx,2
mov169.xlsx,2
mov170.xlsx,2
mov171.xlsx,2
mov172.xlsx,2
mov173.xlsx,2
mov174.xlsx,2
mov175.xlsx,2
mov176.xlsx,2
mov177.xlsx,2
mov178.xlsx,2
mov179.xlsx,2
mov180.xlsx,2
mov181.xlsx,2
mov182.xlsx,2
mov183.xlsx,2
mov184.xlsx,2
mov185.xlsx,2
mov186.xlsx,2
mov187.xlsx,2
mov188.xlsx,2
mov189.xlsx,2
mov190.xlsx,2
mov191.xlsx,2
mov192.xlsx,2
mov193.xlsx,2
mov194.xlsx,2
mov195.xlsx,2
mov196.xlsx,2
mov197.xlsx,2
mov198.xlsx,2
mov199.xlsx,2
mov200.xlsx,2
mov201.xlsx,2
mov202.xlsx,2
mov203.xlsx,2
mov204.xlsx,2
mov205.xlsx,2
mov206.xlsx,2
mov207.xlsx,2
mov208.xlsx,2
mov209.xlsx,2
mov210.xlsx,3
mov211.xlsx,3
mov212.xlsx,3
mov213.xlsx,3
mov214.xlsx,3
mov215.xlsx,3
mov216.xlsx,3
mov217.xlsx,3
mov218.xlsx,3
mov219.xlsx,3
mov220.xlsx,3
mov221.xlsx,3
mov222.xlsx,3
mov223.xlsx,3
mov224.xlsx,3
mov225.xlsx,3
mov226.xlsx,3
mov227.xlsx,3
mov228.xlsx,3
mov229.xlsx,3
mov230.xlsx,3
mov231.xlsx,3
mov232.xlsx,3
mov233.xlsx,3
mov234.xlsx,3
mov235.xlsx,3
mov236.xlsx,3
mov237.xlsx,3
mov238.xlsx,3
mov239.xlsx,3
mov240.xlsx,3
mov241.xlsx,3
mov242.xlsx,3
mov243.xlsx,3
mov244.xlsx,3
mov245.xlsx,3
mov246.xlsx,3
mov247.xlsx,3
mov248.xlsx,3
mov249.xlsx,3
mov250.xlsx,3
mov251.xlsx,3
mov252.xlsx,3
mov253.xlsx,3
mov254.xlsx,3
mov255.xlsx,3
mov256.xlsx,3
mov257.xlsx,3
mov258.xlsx,3
mov259.xlsx,3
mov260.xlsx,3
mov261.xlsx,3
mov262.xlsx,3
mov263.xlsx,3
mov264.xlsx,3
mov265.xlsx,3
mov266.xlsx,3
mov267.xlsx,3
mov268.xlsx,3
mov269.xlsx,3
mov270.xlsx,3
mov271.xlsx,3
mov272.xlsx,3
mov273.xlsx,3
mov274.xlsx,3
mov275.xlsx,3
mov276.xlsx,3
mov277.xlsx,3
mov278.xlsx,3
mov279.xlsx,3
mov280.xlsx,3
mov281.xlsx,3
mov282.xlsx,3
mov283.xlsx,3
mov284.xlsx,3
mov285.xlsx,3
mov286.xlsx,3
mov287.xlsx,3
mov288.xlsx,3
mov289.xlsx,3
mov290.xlsx,3
mov291.xlsx,3
mov292.xlsx,3
mov293.xlsx,3
mov294.xlsx,3
mov295.xlsx,3
mov296.xlsx,3
mov297.xlsx,3
mov298.xlsx,3
mov299.xlsx,3
mov300.xlsx,3
mov301.xlsx,3
mov302.xlsx,3
mov303.xlsx,3
mov304.xlsx,3
mov305.xlsx,3
mov306.xlsx,3
mov307.xlsx,3
mov308.xlsx,3
mov309.xlsx,3
mov310.xlsx,3
mov311.xlsx,3
mov312.xlsx,3
mov313.xlsx,3
mov314.xlsx,3
mov315.xlsx,3
mov316.xlsx,3
mov317.xlsx,3
mov318.xlsx,3
mov319.xlsx,3
mov320.xlsx,3
mov321.xlsx,3
mov322.xlsx,3
mov323.xlsx,3
mov324.xlsx,3
mov325.xlsx,3
mov326.xlsx,3
mov327.xlsx,3
mov328.xlsx,3
mov329.xlsx,3
mov330.xlsx,3
mov331.xlsx,3
mov332.xlsx,3
mov333.xlsx,3
mov334.xlsx,3
mov335.xlsx,3
mov336.xlsx,3
mov337.xlsx,3
mov338.xlsx,3
mov339.xlsx,3
mov340.xlsx,3
mov341.xlsx,3
mov342.xlsx,3
mov343.xlsx,3
mov344.xlsx,3
mov345.xlsx,3
mov346.xlsx,3
mov347.xlsx,3
mov348.xlsx,3
mov349.xlsx,3
mov350.xlsx,3
mov351.xlsx,3
mov352.xlsx,3
mov353.xlsx,3
mov354.xlsx,3
mov355.xlsx,3
mov356.xlsx,3
mov357.xlsx,3
mov358.xlsx,3
mov359.xlsx,3
mov360.xlsx,3
mov361.xlsx,3
mov362.xlsx,3
mov363.xlsx,3
mov364.xlsx,3
mov365.xlsx,3
mov366.xlsx,3
mov367.xlsx,3
mov368.xlsx,3
mov369.xlsx,4
mov370.xlsx,4
mov371.xlsx,4
mov372.xlsx,4
mov373.xlsx,4
mov374.xlsx,4
mov375.xlsx,4
mov376.xlsx,4
mov377.xlsx,4
mov378.xlsx,4
mov379.xlsx,4
mov380.xlsx,4
mov381.xlsx,4
mov382.xlsx,4
mov383.xlsx,4
mov384.xlsx,4
mov385.xlsx,4
mov386.xlsx,4
mov387.xlsx,4
mov388.xlsx,4
mov389.xlsx,4
mov390.xlsx,4
mov391.xlsx,4
mov392.xlsx,4
mov393.xlsx,4
mov394.xlsx,4
mov395.xlsx,4
mov396.xlsx,4
mov397.xlsx,4
mov398.xlsx,4
mov399.xlsx,4
mov400.xlsx,4
mov401.xlsx,4
mov402.xlsx,4
mov403.xlsx,4
mov404.xlsx,4
mov405.xlsx,4
mov406.xlsx,4
mov407.xlsx,4
mov408.xlsx,4
mov409.xlsx,4
mov410.xlsx,4
mov411.xlsx,4
mov412.xlsx,4
mov413.xlsx,4
mov414.xlsx,4
mov415.xlsx,4
mov416.xlsx,4
mov417.xlsx,4
mov418.xlsx,4
mov419.xlsx,4
mov420.xlsx,4
mov421.xlsx,4
mov422.xlsx,4
mov423.xlsx,4
mov424.xlsx,4
mov425.xlsx,4
mov426.xlsx,4
mov427.xlsx,4
mov428.xlsx,4
mov429.xlsx,4
mov430.xlsx,4
mov431.xlsx,4
mov432.xlsx,4
mov433.xlsx,4
mov434.xlsx,4
mov435.xlsx,4
mov436.xlsx,4
mov437.xlsx,4
mov438.xlsx,4
mov439.xlsx,4
mov440.xlsx,4
mov441.xlsx,4
mov442.xlsx,4
mov443.xlsx,4
mov444.xlsx,4
mov445.xlsx,4
mov446.xlsx,4
mov447.xlsx,4
mov448.xlsx,4
mov449.xlsx,4
mov450.xlsx,4
mov451.xlsx,4
mov452.xlsx,4
mov453.xlsx,4
mov454.xlsx,4
mov455.xlsx,4
mov456.xlsx,4
mov457.xlsx,4
mov458.xlsx,4
mov459.xlsx,4
mov460.xlsx,4
mov461.xlsx,4
mov462.xlsx,4
mov463.xlsx,4
mov464.xlsx,4
mov465.xlsx,4
mov466.xlsx,4
mov467.xlsx,4
mov468.xlsx,4
mov469.xlsx,4
mov470.xlsx,4
mov471.xlsx,4
mov472.xlsx,4
mov473.xlsx,4
mov474.xlsx,4
mov475.xlsx,4
mov476.xlsx,4
mov477.xlsx,4
mov478.xlsx,4
mov479.xlsx,4
mov480.xlsx,4
mov481.xlsx,4
mov482.xlsx,4
mov483.xlsx,4
mov484.xlsx,4
mov485.xlsx,4
mov486.xlsx,4
mov487.xlsx,4
mov488.xlsx,4
mov489.xlsx,4
